{"epoch": 117, "loss": 0.05575881525874138, "_timestamp": 1681731638.5714757, "_runtime": 209.40080070495605, "_step": 1189, "acc": 98.55, "_wandb": {"runtime": 207}}